Classifier,Test Object Images,Ground Truth,Selected by Classifier,True Positive,True Negative,False Positive,False Negative,Accuracy,Precision,Recall,F1-Score
 ,,,,,,,,,,,
cube,banana/banana_2 (nan)      cube/cube_1 (nan)      banana/banana_2 (nan)      ,cube/cube_1 (nan) ,cube/cube_1 (nan) ,1.0,2.0,0.0,0.0,1.0,1.0,1.0,1.0
cube,banana/banana_2 (nan)      cube/cube_1 (nan)      banana/banana_2 (nan)      ,cube/cube_1 (nan) ,cube/cube_1 (nan) ,1.0,2.0,0.0,0.0,1.0,1.0,1.0,1.0
cube,banana/banana_2 (nan)      cube/cube_1 (nan)      cube/cube_1 (nan)      banana/banana_2 (nan)      ,cube/cube_1 (nan) cube/cube_1 (nan) cube/cube_1 (nan) ,cube/cube_1 (nan) cube/cube_1 (nan) ,2.0,1.0,0.0,1.0,0.75,1.0,0.666666666667,0.8
cube,banana/banana_2 (nan)      cube/cube_1 (nan)      banana/banana_2 (nan)      ,cube/cube_1 (nan) ,cube/cube_1 (nan) ,1.0,2.0,0.0,0.0,1.0,1.0,1.0,1.0
cube,cube/cube_1 (nan)      banana/banana_2 (nan)      ,cube/cube_1 (nan) ,cube/cube_1 (nan) ,1.0,1.0,0.0,0.0,1.0,1.0,1.0,1.0
cube,banana/banana_2 (nan)      cube/cube_1 (nan)      cube/cube_1 (nan)      cube/cube_1 (nan)      ,cube/cube_1 (nan) cube/cube_1 (nan) cube/cube_1 (nan) ,cube/cube_1 (nan) cube/cube_1 (nan) cube/cube_1 (nan) ,3.0,1.0,0.0,0.0,1.0,1.0,1.0,1.0
cube,banana/banana_2 (nan)      cube/cube_1 (nan)      cube/cube_1 (nan)      ,cube/cube_1 (nan) cube/cube_1 (nan) ,cube/cube_1 (nan) cube/cube_1 (nan) ,2.0,1.0,0.0,0.0,1.0,1.0,1.0,1.0
cube,banana/banana_2 (nan)      cube/cube_1 (nan)      cube/cube_1 (nan)      banana/banana_2 (nan)      ,cube/cube_1 (nan) cube/cube_1 (nan) ,cube/cube_1 (nan) cube/cube_1 (nan) ,2.0,2.0,0.0,0.0,1.0,1.0,1.0,1.0
cube,banana/banana_2 (nan)      cube/cube_1 (nan)      cube/cube_1 (nan)      banana/banana_2 (nan)      ,cube/cube_1 (nan) cube/cube_1 (nan) ,cube/cube_1 (nan) cube/cube_1 (nan) ,2.0,2.0,0.0,0.0,1.0,1.0,1.0,1.0
cube,banana/banana_2 (nan)      cube/cube_1 (nan)      banana/banana_2 (nan)      ,cube/cube_1 (nan) ,cube/cube_1 (nan) ,1.0,2.0,0.0,0.0,1.0,1.0,1.0,1.0
Total - cube,,,,,,,,0.975,1.0,0.9666666666666666,0.9800000000000001
 ,,,,,,,,,,,
like,cube/cube_1 (nan)      cube/cube_1 (nan)      ,cube/cube_1 (nan) cube/cube_1 (nan) ,cube/cube_1 (nan) cube/cube_1 (nan) ,2.0,0.0,0.0,0.0,1.0,1.0,1.0,1.0
like,cube/cube_1 (nan)      ,cube/cube_1 (nan) ,cube/cube_1 (nan) ,1.0,0.0,0.0,0.0,1.0,1.0,1.0,1.0
like,cube/cube_1 (nan)      ,cube/cube_1 (nan) ,cube/cube_1 (nan) ,1.0,0.0,0.0,0.0,1.0,1.0,1.0,1.0
like,cube/cube_1 (nan)      cube/cube_1 (nan)      ,cube/cube_1 (nan) cube/cube_1 (nan) ,cube/cube_1 (nan) cube/cube_1 (nan) ,2.0,0.0,0.0,0.0,1.0,1.0,1.0,1.0
like,cube/cube_1 (nan)      ,cube/cube_1 (nan) ,cube/cube_1 (nan) ,1.0,0.0,0.0,0.0,1.0,1.0,1.0,1.0
like,cube/cube_1 (nan)      cube/cube_1 (nan)      ,cube/cube_1 (nan) cube/cube_1 (nan) ,cube/cube_1 (nan) cube/cube_1 (nan) ,2.0,0.0,0.0,0.0,1.0,1.0,1.0,1.0
like,cube/cube_1 (nan)      ,cube/cube_1 (nan) ,cube/cube_1 (nan) ,1.0,0.0,0.0,0.0,1.0,1.0,1.0,1.0
like,cube/cube_1 (nan)      cube/cube_1 (nan)      ,cube/cube_1 (nan) cube/cube_1 (nan) ,cube/cube_1 (nan) cube/cube_1 (nan) ,2.0,0.0,0.0,0.0,1.0,1.0,1.0,1.0
like,cube/cube_1 (nan)      ,cube/cube_1 (nan) ,cube/cube_1 (nan) ,1.0,0.0,0.0,0.0,1.0,1.0,1.0,1.0
like,cube/cube_1 (nan)      ,cube/cube_1 (nan) cube/cube_1 (nan) ,cube/cube_1 (nan) ,1.0,-1.0,0.0,1.0,0.0,1.0,0.5,0.666666666667
Total - like,,,,,,,,0.9,1.0,0.95,0.9666666666666666
 ,,,,,,,,,,,
corn,corn/corn_3 (nan)      banana/banana_2 (nan)      banana/banana_2 (nan)      ,corn/corn_3 (nan) ,corn/corn_3 (nan) banana/banana_2 (nan) banana/banana_2 (nan) ,1.0,0.0,2.0,0.0,0.333333333333,0.333333333333,1.0,0.5
corn,corn/corn_3 (nan)      banana/banana_2 (nan)      corn/corn_3 (nan)      ,corn/corn_3 (nan) corn/corn_3 (nan) corn/corn_3 (nan) ,corn/corn_3 (nan) banana/banana_2 (nan) corn/corn_3 (nan) ,2.0,-1.0,1.0,1.0,0.333333333333,0.666666666667,0.666666666667,0.666666666667
corn,banana/banana_2 (nan)      banana/banana_2 (nan)      corn/corn_3 (nan)      ,corn/corn_3 (nan) ,banana/banana_2 (nan) banana/banana_2 (nan) corn/corn_3 (nan) ,1.0,0.0,2.0,0.0,0.333333333333,0.333333333333,1.0,0.5
corn,banana/banana_2 (nan)      banana/banana_2 (nan)      corn/corn_3 (nan)      corn/corn_3 (nan)      ,corn/corn_3 (nan) corn/corn_3 (nan) ,banana/banana_2 (nan) banana/banana_2 (nan) corn/corn_3 (nan) corn/corn_3 (nan) ,2.0,0.0,2.0,0.0,0.5,0.5,1.0,0.666666666667
corn,banana/banana_2 (nan)      corn/corn_3 (nan)      banana/banana_2 (nan)      corn/corn_3 (nan)      ,corn/corn_3 (nan) corn/corn_3 (nan) ,banana/banana_2 (nan) corn/corn_3 (nan) banana/banana_2 (nan) corn/corn_3 (nan) ,2.0,0.0,2.0,0.0,0.5,0.5,1.0,0.666666666667
corn,banana/banana_2 (nan)      corn/corn_3 (nan)      banana/banana_2 (nan)      corn/corn_3 (nan)      ,corn/corn_3 (nan) corn/corn_3 (nan) corn/corn_3 (nan) ,banana/banana_2 (nan) corn/corn_3 (nan) banana/banana_2 (nan) corn/corn_3 (nan) ,2.0,-1.0,2.0,1.0,0.25,0.5,0.666666666667,0.571428571429
corn,banana/banana_2 (nan)      banana/banana_2 (nan)      corn/corn_3 (nan)      corn/corn_3 (nan)      ,corn/corn_3 (nan) corn/corn_3 (nan) corn/corn_3 (nan) ,banana/banana_2 (nan) corn/corn_3 (nan) banana/banana_2 (nan) corn/corn_3 (nan) ,2.0,-1.0,2.0,1.0,0.25,0.5,0.666666666667,0.571428571429
corn,corn/corn_3 (nan)      corn/corn_3 (nan)      banana/banana_2 (nan)      ,corn/corn_3 (nan) corn/corn_3 (nan) corn/corn_3 (nan) ,corn/corn_3 (nan) corn/corn_3 (nan) banana/banana_2 (nan) ,2.0,-1.0,1.0,1.0,0.333333333333,0.666666666667,0.666666666667,0.666666666667
corn,corn/corn_3 (nan)      banana/banana_2 (nan)      corn/corn_3 (nan)      ,corn/corn_3 (nan) corn/corn_3 (nan) ,corn/corn_3 (nan) banana/banana_2 (nan) corn/corn_3 (nan) ,2.0,0.0,1.0,0.0,0.666666666667,0.666666666667,1.0,0.8
corn,banana/banana_2 (nan)      corn/corn_3 (nan)      banana/banana_2 (nan)      ,corn/corn_3 (nan) ,banana/banana_2 (nan) corn/corn_3 (nan) banana/banana_2 (nan) ,1.0,0.0,2.0,0.0,0.333333333333,0.333333333333,1.0,0.5
Total - corn,,,,,,,,0.3833333333333333,0.5,0.8666666666666666,0.6109523809523809
 ,,,,,,,,,,,
used,banana/banana_2 (nan)      cucumber/cucumber_2 (nan)      banana/banana_2 (nan)      cucumber/cucumber_2 (nan)      ,cucumber/cucumber_2 (nan) cucumber/cucumber_2 (nan) cucumber/cucumber_2 (nan) ,banana/banana_2 (nan) cucumber/cucumber_2 (nan) banana/banana_2 (nan) cucumber/cucumber_2 (nan) ,2.0,-1.0,2.0,1.0,0.25,0.5,0.666666666667,0.571428571429
used,banana/banana_2 (nan)      cucumber/cucumber_2 (nan)      ,cucumber/cucumber_2 (nan) cucumber/cucumber_2 (nan) cucumber/cucumber_2 (nan) ,banana/banana_2 (nan) cucumber/cucumber_2 (nan) ,1.0,-2.0,1.0,2.0,-0.5,0.5,0.333333333333,0.4
used,banana/banana_2 (nan)      cucumber/cucumber_2 (nan)      banana/banana_2 (nan)      ,cucumber/cucumber_2 (nan) ,banana/banana_2 (nan) cucumber/cucumber_2 (nan) banana/banana_2 (nan) ,1.0,0.0,2.0,0.0,0.333333333333,0.333333333333,1.0,0.5
used,banana/banana_2 (nan)      cucumber/cucumber_2 (nan)      banana/banana_2 (nan)      ,cucumber/cucumber_2 (nan) ,banana/banana_2 (nan) cucumber/cucumber_2 (nan) banana/banana_2 (nan) ,1.0,0.0,2.0,0.0,0.333333333333,0.333333333333,1.0,0.5
used,cucumber/cucumber_2 (nan)      banana/banana_2 (nan)      banana/banana_2 (nan)      cucumber/cucumber_2 (nan)      ,cucumber/cucumber_2 (nan) cucumber/cucumber_2 (nan) ,cucumber/cucumber_2 (nan) banana/banana_2 (nan) banana/banana_2 (nan) cucumber/cucumber_2 (nan) ,2.0,0.0,2.0,0.0,0.5,0.5,1.0,0.666666666667
used,cucumber/cucumber_2 (nan)      banana/banana_2 (nan)      banana/banana_2 (nan)      ,cucumber/cucumber_2 (nan) ,cucumber/cucumber_2 (nan) banana/banana_2 (nan) banana/banana_2 (nan) ,1.0,0.0,2.0,0.0,0.333333333333,0.333333333333,1.0,0.5
used,banana/banana_2 (nan)      cucumber/cucumber_2 (nan)      banana/banana_2 (nan)      ,cucumber/cucumber_2 (nan) ,banana/banana_2 (nan) cucumber/cucumber_2 (nan) banana/banana_2 (nan) ,1.0,0.0,2.0,0.0,0.333333333333,0.333333333333,1.0,0.5
used,cucumber/cucumber_2 (nan)      banana/banana_2 (nan)      cucumber/cucumber_2 (nan)      ,cucumber/cucumber_2 (nan) cucumber/cucumber_2 (nan) cucumber/cucumber_2 (nan) ,cucumber/cucumber_2 (nan) banana/banana_2 (nan) cucumber/cucumber_2 (nan) ,2.0,-1.0,1.0,1.0,0.333333333333,0.666666666667,0.666666666667,0.666666666667
used,cucumber/cucumber_2 (nan)      banana/banana_2 (nan)      cucumber/cucumber_2 (nan)      ,cucumber/cucumber_2 (nan) cucumber/cucumber_2 (nan) cucumber/cucumber_2 (nan) ,cucumber/cucumber_2 (nan) banana/banana_2 (nan) cucumber/cucumber_2 (nan) ,2.0,-1.0,1.0,1.0,0.333333333333,0.666666666667,0.666666666667,0.666666666667
used,cucumber/cucumber_2 (nan)      banana/banana_2 (nan)      ,cucumber/cucumber_2 (nan) cucumber/cucumber_2 (nan) cucumber/cucumber_2 (nan) ,cucumber/cucumber_2 (nan) banana/banana_2 (nan) ,1.0,-2.0,1.0,2.0,-0.5,0.5,0.333333333333,0.4
Total - used,,,,,,,,0.175,0.4666666666666667,0.7666666666666666,0.5371428571428571
 ,,,,,,,,,,,
fruit,banana/banana_2 (nan)      corn/corn_3 (nan)      banana/banana_2 (nan)      corn/corn_3 (nan)      ,banana/banana_2 (nan) banana/banana_2 (nan) ,banana/banana_2 (nan) corn/corn_3 (nan) banana/banana_2 (nan) ,2.0,1.0,1.0,0.0,0.75,0.666666666667,1.0,0.8
fruit,banana/banana_2 (nan)      corn/corn_3 (nan)      corn/corn_3 (nan)      corn/corn_3 (nan)      ,banana/banana_2 (nan) ,banana/banana_2 (nan) corn/corn_3 (nan) corn/corn_3 (nan) ,1.0,1.0,2.0,0.0,0.5,0.333333333333,1.0,0.5
fruit,banana/banana_2 (nan)      corn/corn_3 (nan)      ,banana/banana_2 (nan) banana/banana_2 (nan) banana/banana_2 (nan) ,banana/banana_2 (nan) corn/corn_3 (nan) ,1.0,-2.0,1.0,2.0,-0.5,0.5,0.333333333333,0.4
fruit,banana/banana_2 (nan)      corn/corn_3 (nan)      banana/banana_2 (nan)      corn/corn_3 (nan)      ,banana/banana_2 (nan) banana/banana_2 (nan) banana/banana_2 (nan) ,banana/banana_2 (nan) corn/corn_3 (nan) banana/banana_2 (nan) ,2.0,0.0,1.0,1.0,0.5,0.666666666667,0.666666666667,0.666666666667
fruit,banana/banana_2 (nan)      corn/corn_3 (nan)      corn/corn_3 (nan)      ,banana/banana_2 (nan) banana/banana_2 (nan) banana/banana_2 (nan) ,banana/banana_2 (nan) corn/corn_3 (nan) corn/corn_3 (nan) ,1.0,-2.0,2.0,2.0,-0.333333333333,0.333333333333,0.333333333333,0.333333333333
fruit,banana/banana_2 (nan)      banana/banana_2 (nan)      corn/corn_3 (nan)      corn/corn_3 (nan)      ,banana/banana_2 (nan) banana/banana_2 (nan) banana/banana_2 (nan) ,banana/banana_2 (nan) banana/banana_2 (nan) corn/corn_3 (nan) ,2.0,0.0,1.0,1.0,0.5,0.666666666667,0.666666666667,0.666666666667
fruit,banana/banana_2 (nan)      corn/corn_3 (nan)      corn/corn_3 (nan)      corn/corn_3 (nan)      ,banana/banana_2 (nan) banana/banana_2 (nan) ,banana/banana_2 (nan) corn/corn_3 (nan) corn/corn_3 (nan) corn/corn_3 (nan) ,1.0,-1.0,3.0,1.0,0.0,0.25,0.5,0.333333333333
fruit,banana/banana_2 (nan)      corn/corn_3 (nan)      ,banana/banana_2 (nan) banana/banana_2 (nan) banana/banana_2 (nan) ,banana/banana_2 (nan) corn/corn_3 (nan) ,1.0,-2.0,1.0,2.0,-0.5,0.5,0.333333333333,0.4
fruit,banana/banana_2 (nan)      corn/corn_3 (nan)      corn/corn_3 (nan)      banana/banana_2 (nan)      ,banana/banana_2 (nan) banana/banana_2 (nan) banana/banana_2 (nan) ,banana/banana_2 (nan) corn/corn_3 (nan) corn/corn_3 (nan) banana/banana_2 (nan) ,2.0,-1.0,2.0,1.0,0.25,0.5,0.666666666667,0.571428571429
fruit,corn/corn_3 (nan)      banana/banana_2 (nan)      corn/corn_3 (nan)      corn/corn_3 (nan)      corn/corn_3 (nan)      ,banana/banana_2 (nan) banana/banana_2 (nan) ,corn/corn_3 (nan) corn/corn_3 (nan) corn/corn_3 (nan) banana/banana_2 (nan) ,1.0,0.0,3.0,1.0,0.2,0.25,0.5,0.333333333333
Total - fruit,,,,,,,,0.13666666666666666,0.4666666666666666,0.6,0.5004761904761904
 ,,,,,,,,,,,
green,cucumber/cucumber_2 (nan)      corn/corn_3 (nan)      corn/corn_3 (nan)      cucumber/cucumber_2 (nan)      corn/corn_3 (nan)      ,cucumber/cucumber_2 (nan) cucumber/cucumber_2 (nan) cucumber/cucumber_2 (nan) ,cucumber/cucumber_2 (nan) corn/corn_3 (nan) corn/corn_3 (nan) cucumber/cucumber_2 (nan) corn/corn_3 (nan) ,2.0,-1.0,3.0,1.0,0.2,0.4,0.666666666667,0.5
green,cucumber/cucumber_2 (nan)      corn/corn_3 (nan)      corn/corn_3 (nan)      cucumber/cucumber_2 (nan)      ,cucumber/cucumber_2 (nan) cucumber/cucumber_2 (nan) cucumber/cucumber_2 (nan) ,cucumber/cucumber_2 (nan) corn/corn_3 (nan) corn/corn_3 (nan) cucumber/cucumber_2 (nan) ,2.0,-1.0,2.0,1.0,0.25,0.5,0.666666666667,0.571428571429
green,corn/corn_3 (nan)      cucumber/cucumber_2 (nan)      corn/corn_3 (nan)      cucumber/cucumber_2 (nan)      ,cucumber/cucumber_2 (nan) cucumber/cucumber_2 (nan) ,corn/corn_3 (nan) cucumber/cucumber_2 (nan) corn/corn_3 (nan) cucumber/cucumber_2 (nan) ,2.0,0.0,2.0,0.0,0.5,0.5,1.0,0.666666666667
green,cucumber/cucumber_2 (nan)      corn/corn_3 (nan)      corn/corn_3 (nan)      corn/corn_3 (nan)      corn/corn_3 (nan)      ,cucumber/cucumber_2 (nan) ,cucumber/cucumber_2 (nan) corn/corn_3 (nan) corn/corn_3 (nan) corn/corn_3 (nan) corn/corn_3 (nan) ,1.0,0.0,4.0,0.0,0.2,0.2,1.0,0.333333333333
green,corn/corn_3 (nan)      corn/corn_3 (nan)      corn/corn_3 (nan)      corn/corn_3 (nan)      cucumber/cucumber_2 (nan)      ,cucumber/cucumber_2 (nan) ,cucumber/cucumber_2 (nan) corn/corn_3 (nan) corn/corn_3 (nan) corn/corn_3 (nan) corn/corn_3 (nan) ,1.0,0.0,4.0,0.0,0.2,0.2,1.0,0.333333333333
green,cucumber/cucumber_2 (nan)      corn/corn_3 (nan)      cucumber/cucumber_2 (nan)      ,cucumber/cucumber_2 (nan) cucumber/cucumber_2 (nan) cucumber/cucumber_2 (nan) ,cucumber/cucumber_2 (nan) corn/corn_3 (nan) cucumber/cucumber_2 (nan) ,2.0,-1.0,1.0,1.0,0.333333333333,0.666666666667,0.666666666667,0.666666666667
green,cucumber/cucumber_2 (nan)      cucumber/cucumber_2 (nan)      corn/corn_3 (nan)      cucumber/cucumber_2 (nan)      corn/corn_3 (nan)      ,cucumber/cucumber_2 (nan) cucumber/cucumber_2 (nan) cucumber/cucumber_2 (nan) ,cucumber/cucumber_2 (nan) cucumber/cucumber_2 (nan) corn/corn_3 (nan) cucumber/cucumber_2 (nan) corn/corn_3 (nan) ,3.0,0.0,2.0,0.0,0.6,0.6,1.0,0.75
green,cucumber/cucumber_2 (nan)      corn/corn_3 (nan)      corn/corn_3 (nan)      cucumber/cucumber_2 (nan)      ,cucumber/cucumber_2 (nan) cucumber/cucumber_2 (nan) cucumber/cucumber_2 (nan) ,cucumber/cucumber_2 (nan) corn/corn_3 (nan) corn/corn_3 (nan) cucumber/cucumber_2 (nan) ,2.0,-1.0,2.0,1.0,0.25,0.5,0.666666666667,0.571428571429
green,cucumber/cucumber_2 (nan)      cucumber/cucumber_2 (nan)      corn/corn_3 (nan)      corn/corn_3 (nan)      cucumber/cucumber_2 (nan)      corn/corn_3 (nan)      ,cucumber/cucumber_2 (nan) cucumber/cucumber_2 (nan) cucumber/cucumber_2 (nan) ,cucumber/cucumber_2 (nan) cucumber/cucumber_2 (nan) corn/corn_3 (nan) corn/corn_3 (nan) cucumber/cucumber_2 (nan) corn/corn_3 (nan) ,3.0,0.0,3.0,0.0,0.5,0.5,1.0,0.666666666667
green,corn/corn_3 (nan)      cucumber/cucumber_2 (nan)      corn/corn_3 (nan)      corn/corn_3 (nan)      corn/corn_3 (nan)      ,cucumber/cucumber_2 (nan) ,corn/corn_3 (nan) cucumber/cucumber_2 (nan) corn/corn_3 (nan) corn/corn_3 (nan) corn/corn_3 (nan) ,1.0,0.0,4.0,0.0,0.2,0.2,1.0,0.333333333333
Total - green,,,,,,,,0.32333333333333336,0.42666666666666664,0.8666666666666666,0.5392857142857143
 ,,,,,,,,,,,
yellow,cube/cube_1 (nan)      ,cube/cube_1 (nan) ,cube/cube_1 (nan) ,1.0,0.0,0.0,0.0,1.0,1.0,1.0,1.0
yellow,banana/banana_2 (nan)      cube/cube_1 (nan)      ,cube/cube_1 (nan) banana/banana_2 (nan) ,banana/banana_2 (nan) cube/cube_1 (nan) ,2.0,0.0,0.0,0.0,1.0,1.0,1.0,1.0
yellow,banana/banana_2 (nan)      cube/cube_1 (nan)      cube/cube_1 (nan)      ,cube/cube_1 (nan) banana/banana_2 (nan) cube/cube_1 (nan) ,banana/banana_2 (nan) cube/cube_1 (nan) cube/cube_1 (nan) ,3.0,0.0,0.0,0.0,1.0,1.0,1.0,1.0
yellow,cube/cube_1 (nan)      ,cube/cube_1 (nan) ,cube/cube_1 (nan) ,1.0,0.0,0.0,0.0,1.0,1.0,1.0,1.0
yellow,banana/banana_2 (nan)      cube/cube_1 (nan)      cube/cube_1 (nan)      ,cube/cube_1 (nan) banana/banana_2 (nan) cube/cube_1 (nan) ,banana/banana_2 (nan) cube/cube_1 (nan) cube/cube_1 (nan) ,3.0,0.0,0.0,0.0,1.0,1.0,1.0,1.0
yellow,cube/cube_1 (nan)      ,cube/cube_1 (nan) ,cube/cube_1 (nan) ,1.0,0.0,0.0,0.0,1.0,1.0,1.0,1.0
yellow,cube/cube_1 (nan)      ,cube/cube_1 (nan) ,cube/cube_1 (nan) ,1.0,0.0,0.0,0.0,1.0,1.0,1.0,1.0
yellow,banana/banana_2 (nan)      cube/cube_1 (nan)      cube/cube_1 (nan)      ,cube/cube_1 (nan) banana/banana_2 (nan) cube/cube_1 (nan) ,banana/banana_2 (nan) cube/cube_1 (nan) cube/cube_1 (nan) ,3.0,0.0,0.0,0.0,1.0,1.0,1.0,1.0
yellow,cube/cube_1 (nan)      banana/banana_2 (nan)      ,cube/cube_1 (nan) banana/banana_2 (nan) ,cube/cube_1 (nan) banana/banana_2 (nan) ,2.0,0.0,0.0,0.0,1.0,1.0,1.0,1.0
yellow,cube/cube_1 (nan)      banana/banana_2 (nan)      ,cube/cube_1 (nan) banana/banana_2 (nan) ,cube/cube_1 (nan) banana/banana_2 (nan) ,2.0,0.0,0.0,0.0,1.0,1.0,1.0,1.0
Total - yellow,,,,,,,,1.0,1.0,1.0,1.0
 ,,,,,,,,,,,
cucumber,cucumber/cucumber_2 (nan)      banana/banana_2 (nan)      cucumber/cucumber_2 (nan)      ,cucumber/cucumber_2 (nan) cucumber/cucumber_2 (nan) cucumber/cucumber_2 (nan) ,cucumber/cucumber_2 (nan) banana/banana_2 (nan) cucumber/cucumber_2 (nan) ,2.0,-1.0,1.0,1.0,0.333333333333,0.666666666667,0.666666666667,0.666666666667
cucumber,cucumber/cucumber_2 (nan)      banana/banana_2 (nan)      banana/banana_2 (nan)      ,cucumber/cucumber_2 (nan) cucumber/cucumber_2 (nan) cucumber/cucumber_2 (nan) ,cucumber/cucumber_2 (nan) banana/banana_2 (nan) banana/banana_2 (nan) ,1.0,-2.0,2.0,2.0,-0.333333333333,0.333333333333,0.333333333333,0.333333333333
cucumber,banana/banana_2 (nan)      cucumber/cucumber_2 (nan)      banana/banana_2 (nan)      cucumber/cucumber_2 (nan)      cucumber/cucumber_2 (nan)      ,cucumber/cucumber_2 (nan) cucumber/cucumber_2 (nan) cucumber/cucumber_2 (nan) ,banana/banana_2 (nan) cucumber/cucumber_2 (nan) banana/banana_2 (nan) cucumber/cucumber_2 (nan) cucumber/cucumber_2 (nan) ,3.0,0.0,2.0,0.0,0.6,0.6,1.0,0.75
cucumber,cucumber/cucumber_2 (nan)      cucumber/cucumber_2 (nan)      banana/banana_2 (nan)      cucumber/cucumber_2 (nan)      ,cucumber/cucumber_2 (nan) cucumber/cucumber_2 (nan) cucumber/cucumber_2 (nan) ,cucumber/cucumber_2 (nan) cucumber/cucumber_2 (nan) banana/banana_2 (nan) cucumber/cucumber_2 (nan) ,3.0,0.0,1.0,0.0,0.75,0.75,1.0,0.857142857143
cucumber,cucumber/cucumber_2 (nan)      banana/banana_2 (nan)      cucumber/cucumber_2 (nan)      banana/banana_2 (nan)      ,cucumber/cucumber_2 (nan) cucumber/cucumber_2 (nan) ,cucumber/cucumber_2 (nan) banana/banana_2 (nan) cucumber/cucumber_2 (nan) banana/banana_2 (nan) ,2.0,0.0,2.0,0.0,0.5,0.5,1.0,0.666666666667
cucumber,cucumber/cucumber_2 (nan)      banana/banana_2 (nan)      banana/banana_2 (nan)      cucumber/cucumber_2 (nan)      ,cucumber/cucumber_2 (nan) cucumber/cucumber_2 (nan) cucumber/cucumber_2 (nan) ,cucumber/cucumber_2 (nan) banana/banana_2 (nan) banana/banana_2 (nan) cucumber/cucumber_2 (nan) ,2.0,-1.0,2.0,1.0,0.25,0.5,0.666666666667,0.571428571429
cucumber,cucumber/cucumber_2 (nan)      banana/banana_2 (nan)      banana/banana_2 (nan)      cucumber/cucumber_2 (nan)      ,cucumber/cucumber_2 (nan) cucumber/cucumber_2 (nan) ,cucumber/cucumber_2 (nan) banana/banana_2 (nan) banana/banana_2 (nan) cucumber/cucumber_2 (nan) ,2.0,0.0,2.0,0.0,0.5,0.5,1.0,0.666666666667
cucumber,cucumber/cucumber_2 (nan)      banana/banana_2 (nan)      cucumber/cucumber_2 (nan)      banana/banana_2 (nan)      ,cucumber/cucumber_2 (nan) cucumber/cucumber_2 (nan) ,cucumber/cucumber_2 (nan) banana/banana_2 (nan) cucumber/cucumber_2 (nan) banana/banana_2 (nan) ,2.0,0.0,2.0,0.0,0.5,0.5,1.0,0.666666666667
cucumber,banana/banana_2 (nan)      banana/banana_2 (nan)      cucumber/cucumber_2 (nan)      cucumber/cucumber_2 (nan)      ,cucumber/cucumber_2 (nan) cucumber/cucumber_2 (nan) ,banana/banana_2 (nan) banana/banana_2 (nan) cucumber/cucumber_2 (nan) cucumber/cucumber_2 (nan) ,2.0,0.0,2.0,0.0,0.5,0.5,1.0,0.666666666667
cucumber,cucumber/cucumber_2 (nan)      banana/banana_2 (nan)      cucumber/cucumber_2 (nan)      banana/banana_2 (nan)      ,cucumber/cucumber_2 (nan) cucumber/cucumber_2 (nan) cucumber/cucumber_2 (nan) ,cucumber/cucumber_2 (nan) banana/banana_2 (nan) cucumber/cucumber_2 (nan) banana/banana_2 (nan) ,2.0,-1.0,2.0,1.0,0.25,0.5,0.666666666667,0.571428571429
Total - cucumber,,,,,,,,0.385,0.5349999999999999,0.8333333333333333,0.6416666666666666
 ,,,,,,,,,,,
banana,corn/corn_3 (nan)      corn/corn_3 (nan)      banana/banana_2 (nan)      corn/corn_3 (nan)      ,banana/banana_2 (nan) banana/banana_2 (nan) ,corn/corn_3 (nan) corn/corn_3 (nan) banana/banana_2 (nan) ,1.0,0.0,2.0,1.0,0.25,0.333333333333,0.5,0.4
banana,banana/banana_2 (nan)      corn/corn_3 (nan)      banana/banana_2 (nan)      corn/corn_3 (nan)      ,banana/banana_2 (nan) banana/banana_2 (nan) ,banana/banana_2 (nan) corn/corn_3 (nan) corn/corn_3 (nan) banana/banana_2 (nan) ,2.0,0.0,2.0,0.0,0.5,0.5,1.0,0.666666666667
banana,banana/banana_2 (nan)      corn/corn_3 (nan)      banana/banana_2 (nan)      corn/corn_3 (nan)      ,banana/banana_2 (nan) banana/banana_2 (nan) ,banana/banana_2 (nan) corn/corn_3 (nan) corn/corn_3 (nan) banana/banana_2 (nan) ,2.0,0.0,2.0,0.0,0.5,0.5,1.0,0.666666666667
banana,corn/corn_3 (nan)      banana/banana_2 (nan)      corn/corn_3 (nan)      ,banana/banana_2 (nan) ,corn/corn_3 (nan) banana/banana_2 (nan) corn/corn_3 (nan) ,1.0,0.0,2.0,0.0,0.333333333333,0.333333333333,1.0,0.5
banana,corn/corn_3 (nan)      banana/banana_2 (nan)      corn/corn_3 (nan)      ,banana/banana_2 (nan) ,corn/corn_3 (nan) banana/banana_2 (nan) corn/corn_3 (nan) ,1.0,0.0,2.0,0.0,0.333333333333,0.333333333333,1.0,0.5
banana,corn/corn_3 (nan)      corn/corn_3 (nan)      corn/corn_3 (nan)      banana/banana_2 (nan)      ,banana/banana_2 (nan) ,corn/corn_3 (nan) corn/corn_3 (nan) corn/corn_3 (nan) banana/banana_2 (nan) ,1.0,0.0,3.0,0.0,0.25,0.25,1.0,0.4
banana,banana/banana_2 (nan)      corn/corn_3 (nan)      corn/corn_3 (nan)      ,banana/banana_2 (nan) ,banana/banana_2 (nan) corn/corn_3 (nan) corn/corn_3 (nan) ,1.0,0.0,2.0,0.0,0.333333333333,0.333333333333,1.0,0.5
banana,banana/banana_2 (nan)      corn/corn_3 (nan)      banana/banana_2 (nan)      ,banana/banana_2 (nan) banana/banana_2 (nan) banana/banana_2 (nan) ,banana/banana_2 (nan) corn/corn_3 (nan) banana/banana_2 (nan) ,2.0,-1.0,1.0,1.0,0.333333333333,0.666666666667,0.666666666667,0.666666666667
banana,corn/corn_3 (nan)      corn/corn_3 (nan)      banana/banana_2 (nan)      corn/corn_3 (nan)      ,banana/banana_2 (nan) ,corn/corn_3 (nan) corn/corn_3 (nan) banana/banana_2 (nan) ,1.0,1.0,2.0,0.0,0.5,0.333333333333,1.0,0.5
banana,corn/corn_3 (nan)      corn/corn_3 (nan)      banana/banana_2 (nan)      ,banana/banana_2 (nan) banana/banana_2 (nan) ,corn/corn_3 (nan) corn/corn_3 (nan) banana/banana_2 (nan) ,1.0,-1.0,2.0,1.0,0.0,0.333333333333,0.5,0.4
Total - banana,,,,,,,,0.3333333333333333,0.3916666666666667,0.8666666666666666,0.52
 ,,,,,,,,,,,
looks,cube/cube_1 (nan)      ,cube/cube_1 (nan) cube/cube_1 (nan) ,cube/cube_1 (nan) ,1.0,-1.0,0.0,1.0,0.0,1.0,0.5,0.666666666667
looks,cube/cube_1 (nan)      ,cube/cube_1 (nan) ,cube/cube_1 (nan) ,1.0,0.0,0.0,0.0,1.0,1.0,1.0,1.0
looks,cube/cube_1 (nan)      cube/cube_1 (nan)      ,cube/cube_1 (nan) cube/cube_1 (nan) cube/cube_1 (nan) ,cube/cube_1 (nan) cube/cube_1 (nan) ,2.0,-1.0,0.0,1.0,0.5,1.0,0.666666666667,0.8
looks,cube/cube_1 (nan)      cube/cube_1 (nan)      ,cube/cube_1 (nan) cube/cube_1 (nan) ,cube/cube_1 (nan) cube/cube_1 (nan) ,2.0,0.0,0.0,0.0,1.0,1.0,1.0,1.0
looks,cube/cube_1 (nan)      ,cube/cube_1 (nan) ,cube/cube_1 (nan) ,1.0,0.0,0.0,0.0,1.0,1.0,1.0,1.0
looks,cube/cube_1 (nan)      cube/cube_1 (nan)      ,cube/cube_1 (nan) cube/cube_1 (nan) ,cube/cube_1 (nan) cube/cube_1 (nan) ,2.0,0.0,0.0,0.0,1.0,1.0,1.0,1.0
looks,cube/cube_1 (nan)      ,cube/cube_1 (nan) ,cube/cube_1 (nan) ,1.0,0.0,0.0,0.0,1.0,1.0,1.0,1.0
looks,cube/cube_1 (nan)      ,cube/cube_1 (nan) cube/cube_1 (nan) ,cube/cube_1 (nan) ,1.0,-1.0,0.0,1.0,0.0,1.0,0.5,0.666666666667
looks,cube/cube_1 (nan)      cube/cube_1 (nan)      ,cube/cube_1 (nan) cube/cube_1 (nan) ,cube/cube_1 (nan) cube/cube_1 (nan) ,2.0,0.0,0.0,0.0,1.0,1.0,1.0,1.0
looks,cube/cube_1 (nan)      cube/cube_1 (nan)      ,cube/cube_1 (nan) cube/cube_1 (nan) cube/cube_1 (nan) ,cube/cube_1 (nan) cube/cube_1 (nan) ,2.0,-1.0,0.0,1.0,0.5,1.0,0.666666666667,0.8
Total - looks,,,,,,,,0.7,1.0,0.8333333333333333,0.8933333333333333
